x_cw;cnt_cw;x_log_cw;cnt_log_cw;x_ccw;cnt_ccw;x_log_ccw;cnt_log_ccw;pdf_cw;pdf_cw_exp_regr;pdf_cw_pow_regr;pdf_log_cw;pdf_log_cw_exp_regr;pdf_log_cw_pow_regr;pdf_ccw;pdf_ccw_exp_regr;pdf_ccw_pow_regr;pdf_log_ccw;pdf_log_ccw_exp_regr;pdf_log_ccw_pow_regr
0.166666666666667;4701836;0.1;34540;0.166666666666667;10570542;0.1;66602;0.850284541196234;0.76128126301496;1;0.987848177553098;0.978814252556508;0.402855583653082;1.91171212381713;1;1.97260003094513;2.96312809744714;1;3.85210564391736
0.5;3368818;0.102329299228075;35226;0.5;1955246;0.102329299228075;66786;0.609220284906495;0.548803161828076;1;0.984535092220392;0.97652080029388;0.402855583653082;0.353611714824552;1;0.373596729908183;2.90367890135008;1;3.74294440444381
0.833333333333333;2415958;0.10471285480509;36032;0.833333333333333;988342;0.10471285480509;67148;0.436904166708361;0.395628954848683;1;0.984138537647629;0.974179489549369;0.402855583653082;0.178744418581154;1;0.172344121775363;2.85296364516123;1;3.63687658381823
1.16666666666667;1730584;0.107151930523761;37274;1.16666666666667;608578;0.107151930523761;67284;0.312960473832253;0.285206574600046;1;0.994887262427127;0.971789453757858;0.402855583653082;0.110063035640782;1;0.103531997189471;2.79366905964019;1;3.53381452052073
1.5;1239066;0.109647819614319;38054;1.5;414820;0.109647819614319;66986;0.224073886312039;0.205603733493681;1;0.992586087341751;0.969349816904032;0.402855583653082;0.0750213587157425;1;0.0707566229385151;2.71798590928212;1;3.43367303718969
1.83333333333333;888480;0.112201845430196;38560;1.83333333333333;302164;0.112201845430196;67802;0.16067357712222;0.148218515950487;1;0.982889951173953;0.966859693742727;0.402855583653082;0.0546472056192653;1;0.0522121541056176;2.68847288392176;1;3.33636937022554
2.16666666666667;636900;0.114815362149688;39630;2.16666666666667;230680;0.114815362149688;68096;0.115177608127523;0.106849851883841;1;0.98716998488591;0.964318190040789;0.402855583653082;0.0417191240261981;1;0.0405404138338996;2.63866804538815;1;3.24182310138928
2.5;456160;0.117489755493953;40620;2.5;180570;0.117489755493953;68406;0.0824924128174769;0.0770274265289011;1;0.988798476968768;0.961724402841468;0.402855583653082;0.0326565901916534;1;0.0326407783149651;2.59034345868249;1;3.14995609133971
2.83333333333333;327176;0.120226443461741;41002;2.83333333333333;145534;0.120226443461741;67252;0.0591668222903604;0.0555286164000995;1;0.97537789969971;0.959077420752342;0.402855583653082;0.0263202314722937;1;0.0270042266458359;2.48867600274879;1;3.06069241505376
3.16666666666667;234048;0.123026877081238;42140;3.16666666666667;120442;0.123026877081238;68774;0.0423254652646107;0.0400302512787759;1;0.979630732205041;0.956376324257823;0.402855583653082;0.0217822730014017;1;0.0228176376808921;2.48706674259075;1;2.9739582990769
3.5;166314;0.125892541179417;42400;3.5;100842;0.125892541179417;68706;0.0300763836051514;0.0288575714888349;1;0.963238264035239;0.953620186057336;0.402855583653082;0.018237558111019;1;0.0196082403853138;2.42805109061564;1;2.88968206055198
3.83333333333333;119864;0.128824955169313;43796;3.83333333333333;84884;0.128824955169313;68386;0.0216763209618424;0.020803252680923;1;0.972304547208258;0.95080807143026;0.402855583653082;0.0153515091201656;1;0.0170844093915497;2.36173060609587;1;2.80779404797568
4.16666666666667;86570;0.131825673855641;44352;4.16666666666667;73548;0.131825673855641;68752;0.0156554020028257;0.0149969418692687;1;0.962234841815832;0.947939038628761;0.402855583653082;0.0133013617733606;1;0.0150575361677805;2.32032325205077;1;2.72822658363379
4.5;61070;0.134896288259165;45530;4.5;63620;0.134896288259165;69506;0.0110439574946582;0.0108112067319393;1;0.965307143420287;0.945012139299707;0.402855583653082;0.0115058551697014;1;0.0134008123970829;2.29237388254786;1;2.650913907668
4.83333333333333;44062;0.138038426460289;46866;4.83333333333333;55522;0.138038426460289;69356;0.00796821442819113;0.00779373501741982;1;0.971014595524264;0.942026418936798;0.402855583653082;0.0100413091910117;1;0.0120261730798114;2.23535855064376;1;2.57579212372737
5.16666666666667;31968;0.141253754462275;47224;5.16666666666667;48802;0.141253754462275;69714;0.00578112384459203;0.00561845749765434;1;0.956160150788486;0.938980917364181;0.402855583653082;0.00882597837145189;1;0.0108707562379507;2.19575134718973;1;2.50279914616035
5.5;22730;0.144543977074593;48280;5.5;43420;0.144543977074593;70302;0.00411051504590768;0.0040503127938521;1;0.955289779158145;0.935874669252733;0.402855583653082;0.00785262859900086;1;0.00988861894419354;2.16386835691337;1;2.43187464870278
5.83333333333333;16632;0.147910838816821;49234;5.83333333333333;38820;0.147910838816821;68906;0.0030077468650918;0.00291984654772078;1;0.951991325335368;0.93270670467032;0.402855583653082;0.00702070571656412;1;0.00904548861976831;2.07262243862631;1;2.36296001462053
6.16666666666667;11488;0.151356124843621;50046;6.16666666666667;34932;0.151356124843621;70130;0.00207750096116971;0.00210490011417825;1;0.945664838113245;0.929476049667271;0.402855583653082;0.00631755002810453;1;0.00831533521072709;2.06142241798872;1;2.29599828826451
6.5;8300;0.154881661891248;51298;6.5;31784;0.154881661891248;69272;0.00150097997716822;0.00151741004818426;1;0.947258046232935;0.926181726898406;0.402855583653082;0.00574822541203692;1;0.00767807249309056;1.98985248800074;1;2.23093412799884
6.83333333333333;5786;0.158489319246111;52202;6.83333333333333;28658;0.158489319246111;69940;0.00104634580095125;0.00109389193283856;1;0.942008913182959;0.922822756282922;0.402855583653082;0.005182879557581;1;0.0071179801667647;1.9633095710977;1;2.16771376046277
7.16666666666667;4364;0.162181009735893;54000;7.16666666666667;26074;0.162181009735893;70136;0.000789189954260499;0.000788580227316364;1;0.952273347984054;0.919398155703476;0.402855583653082;0.00471555592101218;1;0.00662259802549249;1.92399593150134;1;2.10628493612882
7.5;3104;0.165958690743756;54388;7.5;23952;0.165958690743756;70310;0.000561330343268695;0.000568482823802036;1;0.937283471665862;0.915906941745839;0.402855583653082;0.00433178627828808;1;0.00618193645383152;1.8848650157079;1;2.04659688612027
7.83333333333333;2184;0.169824365246174;55796;7.83333333333333;21358;0.169824365246174;70286;0.000394956659052459;0.000409815906819949;1;0.939660422764565;0.912348130480464;0.402855583653082;0.00386265411371398;1;0.0057879032725742;1.84133150503991;1;1.98860028025242
8.16666666666667;1628;0.173780082874938;55646;8.16666666666667;19828;0.173780082874938;70850;0.000294409084678297;0.000295433864403158;1;0.915802492413658;0.908720738287375;0.402855583653082;0.00358594932890348;1;0.00543388131090363;1.81385685384667;1;1.93224718626273
8.5;1130;0.177827941003892;57338;8.5;18170;0.177827941003892;70494;0.000204350286048205;0.000212976526249215;1;0.92216876924631;0.905023782725748;0.402855583653082;0.0032860953856252;1;0.00511441275997035;1.76366180634409;1;1.87749103019656
8.83333333333333;840;0.181970085860998;58926;8.83333333333333;17172;0.181970085860998;70124;0.000151906407327868;0.00015353351866015;1;0.926136138818358;0.901256283449573;0.402855583653082;0.00310560429069652;1;0.00482496033707578;1.71446978952766;1;1.82428655791517
9.16666666666667;552;0.186208713666287;59264;9.16666666666667;15836;0.186208713666287;70764;9.98242105297421e-05;0.000110681405915049;1;0.910246107448889;0.897417263170811;0.402855583653082;0.0028639849491888;1;0.00456172447742542;1.69073494749648;1;1.77258979769483
9.5;398;0.190546071796325;60664;9.5;14768;0.190546071796325;70168;7.19747025196333e-05;7.97895711779286e-05;1;0.910539756001976;0.893505748671419;0.402855583653082;0.00267083415822306;1;0.0043215019203496;1.63833328182282;1;1.72235802388559
9.83333333333333;326;0.194984459975805;61512;9.83333333333333;13680;0.194984459975805;70786;5.89541533201013e-05;5.75198301478402e-05;1;0.902251717899988;0.889520771865634;0.402855583653082;0.0024740663112467;1;0.00410157524165166;1.61514131911883;1;1.67354972159993
10.1666666666667;272;0.199526231496888;62984;10.1666666666667;12718;0.199526231496888;70406;4.91887414204526e-05;4.14657054975056e-05;1;0.902813632218412;0.885461370913884;0.402855583653082;0.0023000859171371;1;0.00389962577471221;1.5699030279039;1;1.62612455240216
10.5;160;0.204173794466953;63764;10.5;11880;0.204173794466953;70772;2.8934553776737e-05;2.98923819487417e-05;1;0.893189117098169;0.881326591389705;0.402855583653082;0.0021485312702932;1;0.00371366438826269;1.54214292097308;1;1.58004332096996
10.8333333333333;118;0.208929613085404;65742;10.8333333333333;11094;0.208929613085404;69938;2.13392334103434e-05;2.1549241423692e-05;1;0.899934252313152;0.877115487500967;0.402855583653082;0.00200638096907682;1;0.0035419760260602;1.48928002489572;1;1.53526794270084
11.1666666666667;80;0.213796208950223;66190;11.1666666666667;10536;0.213796208950223;69712;1.44672768883684e-05;1.55347207436597e-05;1;0.885442269935879;0.872827123366756;0.402855583653082;0.00190546510638123;1;0.00338307494609089;1.45067690939737;1;1.49176141223642
11.5;56;0.218776162394955;67856;11.5;10004;0.218776162394955;70386;1.01270938218579e-05;1.11988883431502e-05;1;0.887066390515617;0.868460574351158;0.402855583653082;0.00180925141649942;1;0.00323566834683536;1.43136186041248;1;1.44948777287876
11.8333333333333;48;0.223872113856834;68932;11.8333333333333;9340;0.223872113856834;69896;8.68036613302105e-06;8.07321239897619e-06;1;0.880620414593749;0.86401492845521;0.402855583653082;0.00168916515694767;1;0.00309862661857634;1.38904232285684;1;1.40841208687335
12.1666666666667;42;0.229086765276777;70570;12.1666666666667;8804;0.229086765276777;70840;7.59532036639342e-06;5.81993108975337e-06;1;0.881024503043922;0.859489287768191;0.402855583653082;0.00159222805586374;1;0.00297095886575008;1.37575692741191;1;1.3685004065342
12.5;14;0.234422881531992;71148;12.5;8296;0.234422881531992;70630;2.53177345546449e-06;4.19555391528861e-06;1;0.868021667479383;0.854882769979404;0.402855583653082;0.00150035483319464;1;0.0028517926515806;1.34045537978539;1;1.32971974618724
12.8333333333333;6;0.239883291901949;72366;12.8333333333333;7890;0.239883291901949;70244;1.08504576662763e-06;3.02455001350188e-06;1;0.862784705067391;0.850194509951521;0.402855583653082;0.00142692859617957;1;0.00274035714656713;1.30278392150883;1;1.29203805490874
13.1666666666667;6;0.245470891568503;74306;13.1666666666667;7688;0.245470891568503;70216;1.08504576662763e-06;2.18038022365495e-06;1;0.865748510384488;0.845423661356501;0.402855583653082;0.00139039633047256;1;0.0026359690376236;1.27262145632511;1;1.25542419003627
13.5;4;0.251188643150958;75232;13.5;6914;0.251188643150958;70230;7.23363844418425e-07;1.57182321286918e-06;1;0.85658502398409;0.84056939837501;0.402855583653082;0.00125041626286256;1;0.00253802068900123;1.24390102076839;1;1.21984789143037
13.8333333333333;4;0.257039578276886;76660;13.8333333333333;6764;0.257039578276886;71088;7.23363844418421e-07;1.13311806157043e-06;1;0.852975750501839;0.835630917460178;0.402855583653082;0.00122328834278309;1;0.00244597014986042;1.23043719700145;1;1.18527975646554
14.1666666666667;0;0.263026799189538;77986;14.1666666666667;6306;0.263026799189538;70480;0;8.16858111615039e-07;1;0.847977863527206;0.830607439166442;0.402855583653082;0.00114045776014047;1;0.00235933268401579;1.19214491644195;1;1.15169121572989
14.5;4;0.269153480392692;79060;14.5;5928;0.269153480392692;69848;7.23363844418425e-07;5.88868183414689e-07;1;0.840087803758261;0.825498210044098;0.402855583653082;0.00107209540154024;1;0.00227767356050109;1.15456165839791;1;1.11905450941359
14.8333333333333;2;0.275422870333817;80852;14.8333333333333;5862;0.275422870333817;69892;3.6168192220921e-07;4.2451159204689e-07;1;0.839573335397515;0.820302504600079;0.402855583653082;0.00106015911670527;1;0.00220060189330935;1.12899137477931;1;1.0873426643662
15.1666666666667;8;0.281838293126445;82212;15.1666666666667;5498;0.281838293126445;69582;1.44672768883684e-06;3.06027897002648e-07;1;0.834263193023214;0.815019627325334;0.402855583653082;0.000994328697312453;1;0.00212776535803879;1.09839883433804;1;1.05652947180433
15.5;0;0.288403150312661;83182;15.5;5188;0.288403150312661;69886;0;2.20613701718488e-07;1;0.82489225868009;0.809648914789033;0.402855583653082;0.000938264329148242;1;0.00205884564453824;1.07808583450167;1;1.02658946565091
15.8333333333333;0;0.295120922666639;84812;15.8333333333333;4810;0.295120922666639;70014;0;1.59039113305127e-07;1;0.821911722133053;0.804189737799694;0.402855583653082;0.000869901970547999;1;0.00199355452976326;1.05547523078563;1;0.997497901488351
16.1666666666667;2;0.301995172040202;85896;16.1666666666667;4602;0.301995172040202;69188;3.61681922209212e-07;1.14650356545641e-07;1;0.813468630102872;0.798641503633099;0.402855583653082;0.00083228458803782;1;0.00193163047527095;1.01928100881556;1;0.969230736108115
16.5;0;0.309029543251359;86742;16.5;4452;0.309029543251359;69058;0;8.26507642231697e-08;1;0.802781399212885;0.793003658326741;0.402855583653082;0.000805156667958352;1;0.00187283567013265;0.994207768562076;1;0.941764607639779
16.8333333333333;0;0.316227766016838;88028;16.8333333333333;4196;0.316227766016838;68840;0;5.95824472988409e-08;1;0.796138643530714;0.787275689040302;0.402855583653082;0.000758858351022749;1;0.00181695345333065;0.968509795323779;1;0.91507681624324
17.1666666666667;0;0.323593656929628;90902;17.1666666666667;4170;0.323593656929628;69346;0;4.29526340075101e-08;1;0.803417538868702;0.781457126481456;0.402855583653082;0.000754156178208976;1;0.00176378606055065;0.953420687401394;1;0.889145305348058
17.5;0;0.331131121482591;91840;17.5;3980;0.331131121482591;68706;0;3.09642999209126e-08;1;0.793231121293696;0.775547547396055;0.402855583653082;0.00071979414610832;1;0.00171315264917033;0.923119278376651;1;0.863948643424425
17.8333333333333;0;0.338844156139203;92740;17.8333333333333;3818;0.338844156139203;68840;0;2.23219807526727e-08;1;0.782771421223064;0.769546577121517;0.402855583653082;0.000690495992422511;1;0.00166488756256109;0.903865931849921;1;0.839466006270731
18.1666666666667;0;0.346736850452532;93952;18.1666666666667;3748;0.346736850452532;68278;0;1.60917839575025e-08;1;0.774950386676395;0.763453892201938;0.402855583653082;0.00067783629638543;1;0.00161883880086554;0.876080365343376;1;0.81567715980305
18.5;0;0.354813389233576;96020;18.5;3462;0.354813389233576;68410;0;1.16004719206631e-08;1;0.773979702227265;0.7572692230632;0.402855583653082;0.00062611239543392;1;0.00157486667042662;0.857793490527912;1;0.792562443332337
18.8333333333333;0;0.363078054770101;96666;18.8333333333333;3366;0.363078054770101;68216;0;8.36271162585128e-09;1;0.761450397583415;0.750992356746009;0.402855583653082;0.000608750526583073;1;0.00153284258821821;0.835890531412739;1;0.770102753315537
19.1666666666667;0;0.371535229097173;98608;19.1666666666667;3296;0.371535229097173;68348;0;6.02862937089403e-09;1;0.759066840934476;0.744623139694498;0.402855583653082;0.000596090830545992;1;0.00149264802111285;0.818443994932145;1;0.748279527567125
19.5;0;0.380189396320561;99420;19.5;3038;0.380189396320561;67102;0;4.34600327234291e-09;1;0.747896719949305;0.738161480597672;0.402855583653082;0.000549430808009316;1;0.0014541735427441;0.785233140313062;1;0.727074729918104
19.8333333333333;0;0.389045144994281;101518;19.8333333333333;2818;0.389045144994281;66964;0;3.13300806554879e-09;1;0.746295671796326;0.731607353280602;0.402855583653082;0.000509643191892781;1;0.00141731799317724;0.765780923780882;1;0.706470835309683
20.1666666666667;0;0.398107170553497;102796;20.1666666666667;2984;0.398107170553497;67374;0;2.25856699217374e-09;1;0.738489093002376;0.724960799641929;0.402855583653082;0.000539664756780716;1;0.00138198772867431;0.752931536650615;1;0.686450815309427
20.5;0;0.407380277804113;103468;20.5;2754;0.407380277804113;66236;0;1.62818759205579e-09;1;0.726396803062246;0.718221932633778;0.402855583653082;0.000498068612658873;1;0.0013480959505919;0.723364603021373;1;0.666998124037798
20.8333333333333;0;0.416869383470335;105542;20.8333333333333;2604;0.416869383470335;65970;0;1.17375080930099e-09;1;0.724091066605433;0.711390939279814;0.402855583653082;0.000470940692579418;1;0.00131556210393727;0.704059949054875;1;0.648096684493564
21.1666666666667;0;0.426579518801593;107332;21.1666666666667;2536;0.426579518801593;66030;0;8.46150019234017e-10;1;0.719609837397521;0.704468083726686;0.402855583653082;0.000458642702143397;1;0.0012843113373735;0.688659357521375;1;0.629730875266668
21.5;0;0.436515832240166;108336;21.5;2440;0.436515832240166;66062;0;6.09984546444047e-10;1;0.709807634502158;0.697453710323673;0.402855583653082;0.000441280833292538;1;0.0012542740175437;0.673309703538661;1;0.611885517627677
21.8333333333333;0;0.446683592150963;109448;21.8333333333333;2366;0.446683592150963;64958;0;4.39734253315244e-10;1;0.700770319875072;0.690348246724829;0.402855583653082;0.000427897726053343;1;0.00122538529150731;0.646987366876827;1;0.594545862983045
22.1666666666667;0;0.457088189614875;110462;22.1666666666667;2268;0.457088189614875;65844;0;3.17001823514939e-10;1;0.691163462973992;0.683152207007454;0.402855583653082;0.000410174151601429;1;0.0011975846918732;0.640883900691777;1;0.577697580685908
22.5;0;0.467735141287198;113520;22.5;2248;0.467735141287198;65840;0;2.28524740463567e-10;1;0.694129100736868;0.675866194800164;0.402855583653082;0.00040655709559083;1;0.00117081577989486;0.626257554828308;1;0.561326746192277
22.8333333333333;0;0.478630092322638;113824;22.8333333333333;2384;0.478630092322638;64750;0;1.64742134366554e-10;1;0.68014531869864;0.66849090641331;0.402855583653082;0.000431153076462878;1;0.00114502582237882;0.601870321434901;1;0.545419829552862
23.1666666666667;0;0.489778819368446;116586;23.1666666666667;2088;0.489778819368446;65046;0;1.18761630712679e-10;1;0.680791730678364;0.661027133963932;0.402855583653082;0.000377620647506077;1;0.00112016549876434;0.59085885780474;1;0.529963684231025
23.5;0;0.501187233627272;116852;23.5;2010;0.501187233627272;64206;0;8.56145574644177e-11;1;0.666812941115756;0.653475768486849;0.402855583653082;0.000363514129064755;1;0.00109618863517028;0.569952640787305;1;0.514945536237606
23.8333333333333;0;0.512861383991365;117810;23.8333333333333;1896;0.512861383991365;64310;0;6.1719028324571e-11;1;0.656976788287871;0.645837803022904;0.402855583653082;0.000342896909804369;1;0.00107305196258509;0.557881121614463;1;0.50035297357364
24.1666666666667;0;0.524807460249773;119136;24.1666666666667;1864;0.524807460249773;64202;0;4.44928826375349e-11;1;0.649248394386576;0.638114335674774;0.402855583653082;0.000337109620187418;1;0.00105071489670693;0.544266636697726;1;0.486173935972261
24.5;0;0.537031796370253;120596;24.5;1754;0.537031796370253;62848;0;3.20746560523789e-11;1;0.642245060569763;0.630306572620135;0.402855583653082;0.000317215812129144;1;0.00102913933722799;0.520660483774429;1;0.472396704931291
24.8333333333333;0;0.549540873857625;122130;24.8333333333333;1934;0.549540873857625;63100;0;2.31224299234438e-11;1;0.635609276320484;0.622415831071335;0.402855583653082;0.000349769316224499;1;0.0010082894846087;0.510848961726907;1;0.459009894028283
25.1666666666667;0;0.562341325190349;122996;25.1666666666667;1810;0.562341325190349;62932;0;1.66688230324721e-11;1;0.625545432742685;0.61444354217012;0.402855583653082;0.000327343568958812;1;0.00098813167260715;0.497891474454671;1;0.446002439510031
25.5;0;0.575439937337157;123890;25.5;1630;0.575439937337157;62052;0;1.20164559783654e-11;1;0.615749577736488;0.606391253805266;0.402855583653082;0.000294790064863458;1;0.000968634215021339;0.479754370302723;1;0.433363591148738
25.8333333333333;0;0.588843655355589;125176;25.8333333333333;1594;0.588843655355589;61806;0;8.66259207375951e-12;1;0.607979504790303;0.598260633340384;0.402855583653082;0.000288279364044391;1;0.000949767265270709;0.466975174807643;1;0.421082903357319
26.1666666666667;0;0.602559586074358;126664;26.1666666666667;1562;0.602559586074358;61524;0;6.24481141290395e-12;1;0.601202902337383;0.590053470238464;0.402855583653082;0.000282492074427439;1;0.000931502687592126;0.45426337088179;1;0.409150226556464
26.5;0;0.616595001861482;127676;26.5;1568;0.616595001861482;60822;0;4.50184762836401e-12;1;0.592211910762634;0.581771678569126;0.402855583653082;0.000283577191230614;1;0.000913813938756008;0.438857831342198;1;0.397555698786355
26.8333333333333;0;0.630957344480193;129258;26.8333333333333;1428;0.630957344480193;60908;0;3.24535534045571e-12;1;0.585902433163135;0.573417299383884;0.402855583653082;0.000258257799156455;1;0.000896675959323708;0.42947461086677;1;0.386289737556079
27.1666666666667;0;0.645654229034656;129804;27.1666666666667;1520;0.645654229034656;59690;0;2.33955747845933e-12;1;0.574984245843052;0.564992502944135;0.402855583653082;0.00027489625680519;1;0.000880065073569326;0.411305706202154;1;0.375343031924024
27.5;0;0.660693448007596;131050;27.5;1338;0.660693448007596;60150;0;1.68657315480496e-12;1;0.567289695633109;0.55649959078595;0.402855583653082;0.000241981047108777;1;0.000863958897279191;0.405040814279262;1;0.364706534802692
27.8333333333333;0;0.676082975391982;131854;27.8333333333333;1338;0.676082975391982;59852;0;1.2158406163126e-12;1;0.557777741012668;0.547940997605184;0.402855583653082;0.000241981047108779;1;0.000848336252722245;0.393859951473955;1;0.354371455481584
28.1666666666667;0;0.691830970918937;133008;28.1666666666667;1308;0.691830970918937;58592;0;8.764923122746e-13;1;0.54985177694982;0.539319292945868;0.402855583653082;0.000236555463092888;1;0.000833177090155667;0.376791830889909;1;0.344329252361972
28.5;0;0.707945784384138;133828;28.5;1266;0.707945784384138;58550;0;6.3185812611398e-13;1;0.540648319502897;0.5306371826743;0.402855583653082;0.000228959645470636;1;0.000818462415293073;0.36795105730134;1;0.334571625897549
28.8333333333333;0;0.72443596007499;135304;28.8333333333333;1314;0.72443596007499;58500;0;4.55502787583139e-13;1;0.534168784827242;0.521897510220806;0.402855583653082;0.000237640579896066;1;0.000804174222218818;0.359268401674941;1;0.325090511735134
29.1666666666667;0;0.741310241300918;135330;29.1666666666667;1174;0.741310241300918;57980;0;3.28369266645409e-13;1;0.522109928110072;0.513103257570666;0.402855583653082;0.000212321187821904;1;0.000790295431282171;0.347969650390679;1;0.31587807404975
29.5;0;0.758577575029184;135682;29.5;1186;0.758577575029184;57622;0;2.36719463012229e-13;1;0.511552376215883;0.504257545985348;0.402855583653082;0.000214491421428258;1;0.000776809831549702;0.337949247624293;1;0.306926699068578
29.8333333333333;0;0.776247116628692;136718;29.8333333333333;1096;0.776247116628692;57494;0;1.70649661404851e-13;1;0.503725070540312;0.495363636434847;0.402855583653082;0.000198214669380585;1;0.000763702027434272;0.329522960256771;1;0.298228988778425
30.1666666666667;0;0.794328234724281;137174;30.1666666666667;1118;0.794328234724281;56474;0;1.23020332029407e-13;1;0.493900735168893;0.486424929721688;0.402855583653082;0.000202193430992239;1;0.000750957389154877;0.316309113715665;1;0.289777754811515
30.5;0;0.8128305161641;137388;30.5;1094;0.8128305161641;55812;0;8.8684630066291e-14;1;0.483411158747277;0.477444966276957;0.402855583653082;0.000197852963779523;1;0.000738562006713604;0.305485598658655;1;0.281566012504539
30.8333333333333;0;0.831763771102671;138686;30.8333333333333;1072;0.831763771102671;56404;0;6.39322255130546e-14;1;0.476870538443011;0.468427425608646;0.402855583653082;0.000193874202167871;1;0.000726502647104734;0.301698436629964;1;0.273586975126071
31.1666666666667;0;0.851138038202377;139052;31.1666666666667;1012;0.851138038202377;54894;0;4.60883634063356e-14;1;0.467245480709282;0.459376125382576;0.402855583653082;0.000183023034136087;1;0.000714766714497033;0.286937978122388;1;0.26583404826755
31.5;0;0.870963589956081;139834;31.5;992;0.870963589956081;54556;0;3.32248287061574e-14;1;0.459177554469468;0.450295020116296;0.402855583653082;0.000179405978125491;1;0.0007033422131534;0.278679919559005;1;0.25830082439323
31.8333333333333;0;0.891250938133746;139982;31.8333333333333;946;0.891250938133746;54192;0;2.39515825897553e-14;1;0.449200327234816;0.441188199466528;0.402855583653082;0.000171086749301125;1;0.000692217712873061;0.270519349910365;1;0.250981077544559
32.1666666666667;0;0.91201083935591;139674;32.1666666666667;932;0.91201083935591;53100;0;1.72665542876823e-14;1;0.438009409641365;0.432059886091108;0.402855583653082;0.000168554810093707;1;0.000681382316760445;0.259034539729009;1;0.243868758194638
32.5;0;0.933254300796991;141142;32.5;918;0.933254300796991;53314;0;1.24473569064713e-14;1;0.432537869628124;0.4229144330668;0.402855583653082;0.000166022870886294;1;0.000670825631141883;0.254158374027486;1;0.23695798824848
32.8333333333333;0;0.954992586021436;140508;32.8333333333333;850;0.954992586021436;52712;0;8.97322600535356e-15;1;0.420793402275549;0.413756320844998;0.402855583653082;0.000153724880450269;1;0.000660537737466665;0.245568495977738;1;0.230243056184971
33.1666666666667;0;0.977237220955811;140812;33.1666666666667;890;0.977237220955811;51616;0;6.46874557772855e-15;1;0.412104670657987;0.404590153728057;0.402855583653082;0.000160958992471458;1;0.000650509166043052;0.234988982893348;1;0.223718412336477
33.5;0;1;140858;33.5;918;1;51054;0;4.66328044389183e-15;1;0.402855583653082;0.39542065584994;0.402855583653082;0.000166022870886294;1;0.000640730871472353;0.227139638279731;1;0.217378664302237
33.8333333333333;0;1.02329299228075;140538;33.8333333333333;828;1.02329299228075;50680;0;3.36173130278219e-15;1;0.392791099728799;0.386252666645923;0.402855583653082;0.000149746118838615;1;0.000631194209655652;0.22034325565301;1;0.211218572491721
34.1666666666667;0;1.0471285480509;140480;34.1666666666667;810;1.0471285480509;50268;0;2.42345222168815e-15;1;0.383691667875059;0.377091135797374;0.402855583653082;0.00014649076842908;1;0.000621890916258246;0.213577137837266;1;0.205233045794278
34.5;0;1.07151930523761;139726;34.5;778;1.07151930523761;49866;0;1.74705237921459e-15;1;0.372945263802901;0.367941117639076;0.402855583653082;0.000140703478812132;1;0.000612813086526172;0.207046402306668;1;0.199417137371512
34.8333333333333;0;1.09647819614319;139962;34.8333333333333;778;1.09647819614319;50100;0;1.25943973163756e-15;1;0.365071566606735;0.358807765018162;0.402855583653082;0.000140703478812129;1;0.000603953156357841;0.203282915915318;1;0.193766040568879
35.1666666666667;0;1.12201845430196;139252;35.1666666666667;748;1.12201845430196;49236;0;9.07922656755272e-16;1;0.354951741392311;0.349696322595602;0.402855583653082;0.000135277894796237;1;0.000595303884541629;0.195229714334048;1;0.188275084943148
35.5;0;1.14815362149688;137758;35.5;716;1.14815362149688;48194;0;6.54516075634539e-16;1;0.343150549527909;0.340612119583202;0.402855583653082;0.000129490605179288;1;0.000586858336077339;0.186748072984366;1;0.182939732402431
35.8333333333333;0;1.17489755493953;137714;35.8333333333333;716;1.17489755493953;48194;0;4.71836769439172e-16;1;0.335232381726437;0.331560561911345;0.402855583653082;0.000129490605179286;1;0.000578609866505932;0.182497167862096;1;0.17775557345561
36.1666666666667;0;1.20226443461741;137690;36.1666666666667;636;1.20226443461741;47896;0;3.40144337599252e-16;1;0.327544468586054;0.322547123825106;0.402855583653082;0.000115022381136907;1;0.000570552107177903;0.177240269178101;1;0.172718323568035
36.5;0;1.23026877081238;137700;36.5;648;1.23026877081238;47540;0;2.45208042048874e-16;1;0.320111893271549;0.313577338909087;0.402855583653082;0.000117192614743267;1;0.000562678951396019;0.171918389133628;1;0.167823819620498
36.8333333333333;0;1.25892541179417;136156;36.8333333333333;674;1.25892541179417;46610;0;1.76769027848061e-16;1;0.309317615749961;0.304656790544227;0.402855583653082;0.000121894787557037;1;0.00055498454137308;0.164718454477915;1;0.163068016468553
37.1666666666667;0;1.28824955169313;135984;37.1666666666667;680;1.28824955169313;46322;0;1.27431747120746e-16;1;0.30189483411172;0.295791101802876;0.402855583653082;0.000122979904360215;1;0.000547463255949935;0.159974388230886;1;0.158446983599347
37.5;0;1.31825673855641;134906;37.5;630;1.31825673855641;45132;0;9.18647931254411e-17;1;0.29268410346773;0.286985924791725;0.402855583653082;0.000113937264333731;1;0.000540109699023082;0.152316774801542;1;0.153956901883164
37.8333333333333;0;1.34896288259165;133070;37.8333333333333;586;1.34896288259165;44874;0;6.62247862613363e-17;1;0.282129193004476;0.278246929455801;0.402855583653082;0.000105979741110421;1;0.000532918688634939;0.147998713212461;1;0.149594060417066
38.1666666666667;0;1.38038426460288;131486;38.1666666666667;642;1.38038426460288;43878;0;4.77410568961991e-17;1;0.27242526587953;0.26957979186023;0.402855583653082;0.000116107497940086;1;0.000525885246683462;0.141419722136721;1;0.145354853457933
38.5;0;1.41253754462275;130808;38.5;600;1.41253754462275;43682;0;3.44162456723097e-17;1;0.264851340429319;0.260990181970562;0.402855583653082;0.000108511680317839;1;0.000519004589210854;0.13758328362731;1;0.14123577744245
38.8333333333333;0;1.44543977074593;130008;38.8333333333333;588;1.44543977074593;42912;0;2.48104680370215e-17;1;0.257239671932046;0.252483750956313;0.402855583653082;0.00010634144671148;1;0.000512272117234102;0.132081475536779;1;0.137233428091523
39.1666666666667;0;1.47910838816821;127112;39.1666666666667;584;1.47910838816821;42782;0;1.78857197289031e-17;1;0.24578446062889;0.244066118046706;0.402855583653082;0.000105618035509362;1;0.000505683408082789;0.128683907307506;1;0.13334449759676
39.5;0;1.51356124843621;126590;39.5;514;1.51356124843621;42904;0;1.28937096125539e-17;1;0.239203356625417;0.235742856971787;0.402855583653082;9.29583394722825e-05;1;0.000499234207212072;0.126113314446582;1;0.129565771886673
39.8333333333333;0;1.54881661891248;124612;39.8333333333333;550;1.54881661891248;41612;0;9.29499903234031e-18;1;0.230105890399583;0.227519482026635;0.402855583653082;9.94690402913507e-05;1;0.000492920420460991;0.11953132828659;1;0.125894127970356
40.1666666666667;0;1.58489319246111;123108;40.1666666666667;546;1.58489319246111;41302;0;6.70070985056766e-18;1;0.222154004222307;0.219401433800782;0.402855583653082;9.87456290892318e-05;1;0.00048673810672843;0.115940251509119;1;0.12232653135644
40.5;0;1.62181009735893;121976;40.5;498;1.62181009735893;40714;0;4.83050211681347e-18;1;0.215100914617971;0.211394064619556;0.402855583653082;9.00646946638068e-05;1;0.00048068347104094;0.111688106471921;1;0.118860033545182
40.8333333333333;0;1.65958690743756;119872;40.8333333333333;558;1.65958690743756;40120;0;3.48228041818026e-18;1;0.206578738537049;0.203502623748605;0.402855583653082;0.000100915862695589;1;0.00047475285798842;0.107553384198835;1;0.115491769591635
41.1666666666667;0;1.69824365246174;118168;41.1666666666667;488;1.69824365246174;39624;0;2.51035536629468e-18;1;0.199006725996923;0.19573224241736;0.402855583653082;8.82561666585076e-05;1;0.000468942745505352;0.103805764385085;1;0.11221895573786
41.5;0;1.73780082874938;114838;41.5;452;1.73780082874938;39494;0;1.80970034239181e-18;1;0.188996381813248;0.188087918721696;0.402855583653082;8.17454658394391e-05;1;0.000463249738976759;0.101110038935527;1;0.109038887112245
41.8333333333333;0;1.77827941003892;113686;41.8333333333333;498;1.77827941003892;38718;0;1.30460227791852e-18;1;0.182841533887711;0.180574502470386;0.402855583653082;9.00646946638049e-05;1;0.000457670565649472;0.0968670494198517;1;0.105948935494022
42.1666666666667;0;1.81970085860998;112278;42.1666666666667;452;1.81970085860998;37762;0;9.40480069369163e-19;1;0.176466607939192;0.173196680044056;0.402855583653082;8.17454658394373e-05;1;0.000452202069330628;0.0923247507160798;1;0.102946547141123
42.5;0;1.86208713666287;109804;42.5;432;1.86208713666287;37408;0;6.7798652190913e-19;1;0.168649877804937;0.165958959339465;0.402855583653082;7.81284098288444e-05;1;0.000446841205356504;0.0893773852749254;1;0.100029240679605
42.8333333333333;0;1.90546071796325;106388;42.8333333333333;510;1.90546071796325;36702;0;4.88756475401719e-19;1;0.159683673284877;0.158865654875486;0.402855583653082;9.22349282701616e-05;1;0.000441585035815881;0.0856944876716749;1;0.0971946050528725
43.1666666666667;0;1.94984459975805;104978;43.1666666666667;438;1.94984459975805;36352;0;3.52341653598695e-19;1;0.153980655549658;0.151920873140649;0.402855583653082;7.92135266320211e-05;1;0.000436430725013232;0.0829452395001953;1;0.0944402975290201
43.5;0;1.99526231496888;102466;43.5;458;1.99526231496888;35616;0;2.54001015042586e-19;1;0.146874923216834;0.145128498265074;0.402855583653082;8.28305826426175e-05;1;0.000431375535157945;0.0794160529526241;1;0.091764041764644
43.8333333333333;0;2.04173794466953;100172;43.8333333333333;414;2.04173794466953;35712;0;1.8310783009535e-19;1;0.140318267734079;0.138492178102196;0.402855583653082;7.48730594193076e-05;1;0.00042641682226666;0.0778175097408451;1;0.0891636259235181
44.1666666666667;0;2.08929613085404;97962;44.1666666666667;386;2.08929613085404;35248;0;1.32001352185947e-19;1;0.134098991854676;0.132015310807744;0.402855583653082;6.98091810044753e-05;1;0.000421552032266704;0.0750581119241674;1;0.0866369008485872
44.5;0;2.13796208950223;94708;44.5;396;2.13796208950223;34272;0;9.5158994401531e-20;1;0.126693558696307;0.125701032004948;0.402855583653082;7.16177090097741e-05;1;0.000416778697289291;0.0713185664431745;1;0.0841817782857588
44.8333333333333;0;2.18776162394955;92608;44.8333333333333;370;2.18776162394955;33886;0;6.85995564860184e-20;1;0.121064377936913;0.119552202625847;0.402855583653082;6.69155361959996e-05;1;0.000412094432141912;0.0689101923705536;1;0.081796229158031
45.1666666666667;0;2.23872113856834;89896;45.1666666666667;438;2.23872113856834;33676;0;4.94530147115788e-20;1;0.114843980720595;0.113571397518782;0.402855583653082;7.92135266320211e-05;1;0.000407496930950013;0.0669242721536676;1;0.079478281888528
45.5;0;2.29086765276777;87264;45.5;420;2.29086765276777;32634;0;3.5650385940357e-20;1;0.108943917009529;0.107760894911638;0.402855583653082;7.59581762224876e-05;1;0.000402983963958641;0.0633772608260309;1;0.0772260207710582
45.8333333333333;0;2.34422881531992;84100;45.8333333333333;338;2.34422881531992;32320;0;2.57001524600446e-20;1;0.102603899245258;0.102122666819129;0.402855583653082;6.11282465790483e-05;1;0.000398553374485337;0.0613386915965787;1;0.0750375843868454
46.1666666666667;0;2.39883291901949;82248;46.1666666666667;372;2.39883291901949;31928;0;1.85270879696641e-20;1;0.0980602996191338;0.0966583704802885;0.402855583653082;6.7277241797059e-05;1;0.000394203076016087;0.0592154277175755;1;0.0729111640661293
46.5;0;2.45470891568503;79156;46.5;380;2.45470891568503;30806;0;1.33560681855624e-20;1;0.0922256467687598;0.0913693409093477;0.402855583653082;6.87240642012983e-05;1;0.000389931049436644;0.0558339646000218;1;0.0708450023933602
46.8333333333333;0;2.51188643150958;76122;46.8333333333333;356;2.51188643150958;30856;0;9.62831059416768e-21;1;0.0866718486757188;0.0862565846392991;0.402855583653082;6.43835969885834e-05;1;0.00038573534039198;0.0546515874937054;1;0.0688373917547531
47.1666666666667;0;2.57039578276886;73776;47.1666666666667;338;2.57039578276886;30236;0;6.9409921849578e-21;1;0.0820886237529651;0.0813207747326504;0.402855583653082;6.11282465790483e-05;1;0.000381614056767093;0.05233442928277;1;0.0668866729270019
47.5;0;2.63026799189538;71596;47.5;342;2.63026799189538;29670;0;5.00372023113103e-21;1;0.0778496436759086;0.0765622471281109;0.402855583653082;6.18516577811685e-05;1;0.000377565366282767;0.0501857827338717;1;0.0649912337059867
47.8333333333333;0;2.69153480392692;68462;47.8333333333333;300;2.69153480392692;29496;0;3.60715233272981e-21;1;0.0727473959282805;0.0719809983852744;0.402855583653082;5.42558401589186e-05;1;0.000373587494200284;0.048755799272857;1;0.063149507574341
48.1666666666667;0;2.75422870333817;65340;48.1666666666667;344;2.75422870333817;28692;0;2.60037479125322e-21;1;0.067849554414082;0.0675766848817232;0.402855583653082;6.22133633822266e-05;1;0.000369678721129429;0.0463472507943224;1;0.0613599724067773
48.5;0;2.81838293126445;62668;48.5;330;2.81838293126445;28102;0;1.87459481365141e-21;1;0.0635936429966173;0.0633486235084331;0.402855583653082;5.96814241748117e-05;1;0.000365837380934469;0.0443609037431631;1;0.059621149212101
48.8333333333333;0;2.88403150312661;60430;48.8333333333333;276;2.88403150312661;28064;0;1.35138431859477e-21;1;0.0599267139429651;0.0592957938999239;0.402855583653082;4.99153729462051e-05;1;0.000362061858733077;0.0432925061664058;1;0.0579316009108727
49.1666666666667;0;2.95120922666639;58044;49.1666666666667;300;2.95120922666639;27322;0;9.74204965918187e-22;1;0.056250346648459;0.0554168422253238;0.402855583653082;5.42558401589186e-05;1;0.000358350588983484;0.0411884683856445;1;0.0562899311477122
49.5;0;3.01995172040202;54912;49.5;250;3.01995172040202;26974;0;7.02298600450417e-22;1;0.0520038062496609;0.0517100865554437;0.402855583653082;4.52132001324331e-05;1;0.000354702053655408;0.0397382290741036;1;0.0546947831372549
49.8333333333333;0;3.09029543251359;52638;49.8333333333333;250;3.09029543251359;26454;0;5.06282909089621e-22;1;0.0487155095475874;0.0481735238092249;0.402855583653082;4.52132001324322e-05;1;0.000351114780480531;0.0380850477997357;1;0.0531448385428152
50.1666666666667;0;3.16227766016838;49976;50.1666666666667;274;3.16227766016838;25796;0;3.64976356028379e-22;1;0.0451990558107548;0.0448048382705342;0.402855583653082;4.95536673451456e-05;1;0.000347587341278592;0.0362923862291871;1;0.0516388163868245
50.5;0;3.23593656929628;47090;50.5;298;3.23593656929628;25718;0;2.63109297328042e-22;1;0.0416194714146304;0.0416014116534205;0.402855583653082;5.38941345578603e-05;1;0.00034411835035533;0.035359030425099;1;0.0501754719921466
50.8333333333333;0;3.31131121482591;44724;50.8333333333333;306;3.31131121482591;25294;0;1.89673936946955e-22;1;0.0386285590905252;0.0385603346806893;0.402855583653082;5.5340956962097e-05;1;0.000340706462968743;0.0339844831998056;1;0.0487535959533928
51.1666666666667;0;3.38844156139203;42132;51.1666666666667;286;3.38844156139203;24476;0;1.36734819796577e-22;1;0.0355614896689361;0.0356784201271677;0.402855583653082;5.17239009515024e-05;1;0.000337350373860339;0.0321368718012195;1;0.0473720131373893
51.5;0;3.46736850452532;39714;51.5;288;3.46736850452532;24240;0;9.85713232178705e-23;1;0.0327575566847604;0.0329522172654351;0.402855583653082;5.2085606552563e-05;1;0.000334048815848209;0.0311025338409491;1;0.0460295817119685
51.8333333333333;0;3.54813389233575;37590;51.8333333333333;224;3.54813389233575;24054;0;7.10594841560988e-23;1;0.0302998302507;0.0303780276382838;0.402855583653082;4.05110273186592e-05;1;0.000330800558478938;0.0301613281993245;1;0.0447251922022825
52.1666666666667;0;3.63078054770101;35734;52.1666666666667;250;3.63078054770101;23776;0;5.12263620258971e-23;1;0.0281481270635448;0.027951922068894;0.402855583653082;4.52132001324322e-05;1;0.000327604406735552;0.0291341228961968;1;0.0434577665738592
52.5;0;3.71535229097173;33466;52.5;290;3.71535229097173;22616;0;3.69287815352557e-23;1;0.025761531416024;0.0256697588068498;0.402855583653082;5.24473121536224e-05;1;0.000324459199798815;0.0270818888473477;1;0.0422262573416431
52.8333333333333;0;3.80189396320561;31036;52.8333333333333;224;3.80189396320561;22264;0;2.66217402865582e-23;1;0.0233471359890841;0.0235272026958653;0.402855583653082;4.05110273186592e-05;1;0.000321363809859346;0.0260535164912083;1;0.0410296467042838
53.1666666666667;0;3.8904514499428;29250;53.1666666666667;232;3.8904514499428;21872;0;1.91914551853892e-23;1;0.0215027368545894;0.0215197452376313;0.402855583653082;4.1957849722897e-05;1;0.000318317140978188;0.0250121861969642;1;0.0398669457029563
53.5;0;3.98107170553497;27456;53.5;230;3.98107170553497;21500;0;1.38350065836531e-23;1;0.0197244606185773;0.0196427254157151;0.402855583653082;4.15961441218385e-05;1;0.000315318127993545;0.0240271143734792;1;0.0387371934040202
53.8333333333333;0;4.07380277804113;25942;53.8333333333333;214;4.07380277804113;21420;0;9.97357445387717e-24;1;0.0182125738054675;0.0178913511341165;0.402855583653082;3.87024993133619e-05;1;0.000312365735471549;0.0233928223273115;1;0.0376394561048401
54.1666666666667;0;4.16869383470335;23878;54.1666666666667;210;4.16869383470335;21044;0;7.1898908602294e-24;1;0.0163819583562984;0.0162607211171079;0.402855583653082;3.7979088111243e-05;1;0.000309458956699019;0.0224590534605287;1;0.0365728265621111
54.5;0;4.26579518801593;21732;54.5;240;4.26579518801593;20454;0;5.1831498146504e-24;1;0.0145702688725852;0.0147458471105059;0.402855583653082;4.34046721271358e-05;1;0.000306596812716299;0.0213324829603853;1;0.0355364232420526
54.8333333333333;0;4.36515832240166;20220;54.8333333333333;188;4.36515832240166;20060;0;3.73650205870487e-24;1;0.0132479603914058;0.0133416762196981;0.402855583653082;3.4000326499589e-05;1;0.000303778351388331;0.0204453281053939;1;0.0345293895918501
55.1666666666667;0;4.46683592150963;18542;55.1666666666667;198;4.46683592150963;19732;0;2.69362224399567e-24;1;0.0118720152685508;0.0120431132166981;0.402855583653082;3.58088545048863e-05;1;0.000301002646512234;0.0196532447477038;1;0.0335508933317426
55.5;0;4.57088189614875;17410;55.5;196;4.57088189614875;19318;0;1.94181635105639e-24;1;0.0108934800115674;0.0108450426473602;0.402855583653082;3.54471489038276e-05;1;0.000298268796959753;0.0188029208334308;1;0.0326001257671713
55.8333333333333;0;4.67735141287198;15920;55.8333333333333;186;4.67735141287198;18810;0;1.39984392749766e-24;1;0.00973443911533712;0.00974235057070132;0.402855583653082;3.36386208985295e-05;1;0.000295575925853004;0.0178917141651279;1;0.0316763011204206
56.1666666666667;0;4.78630092322638;14494;56.1666666666667;190;4.78630092322638;18624;0;1.00913921148405e-24;1;0.00866076244835704;0.00872994576512901;0.402855583653082;3.43620321006484e-05;1;0.000292923179772039;0.01731155655043;1;0.0307786558811984
56.5;0;4.89778819368446;13260;56.5;162;4.89778819368446;18082;0;7.27482491548296e-25;1;0.00774303805670947;0.00780278024127606;0.402855583653082;2.92981536858167e-05;1;0.000290309727992824;0.0164251604507972;1;0.0299064481756212
56.8333333333333;0;5.01187233627272;12090;56.8333333333333;178;5.01187233627272;17528;0;5.24437827295429e-25;1;0.00689912749297356;0.00695586890807413;0.402855583653082;3.21917984942917e-05;1;0.000287734761754282;0.015559495822384;1;0.0290589571530794
57.1666666666667;0;5.12861383991365;11334;57.1666666666667;220;5.12861383991365;17516;0;3.78064129231436e-25;1;0.00632049479539481;0.00618430824762276;0.402855583653082;3.97876161165403e-05;1;0.000285197493553138;0.0151949086086127;1;0.0282354823904782
57.5;0;5.24807460249773;10008;57.5;190;5.24807460249773;16866;0;2.72544195655477e-25;1;0.00545400041215161;0.005483293865235;0.402855583653082;3.43620321006492e-05;1;0.000282697156465366;0.0142979986519796;1;0.0274353433133618
57.8333333333333;0;5.37031796370253;8954;57.8333333333333;222;5.37031796370253;16578;0;1.96475499372275e-25;1;0.00476853483725961;0.00484813679364481;0.402855583653082;4.01493217175998e-05;1;0.000280233003493055;0.0137339445965065;1;0.026657878633441
58.1666666666667;0;5.49540873857625;8412;58.1666666666667;158;5.49540873857625;16522;0;1.41638025938291e-25;1;0.00437791307001403;0.00427427844458883;0.402855583653082;2.85747424836971e-05;1;0.000277804306935642;0.0133759850168816;1;0.0259024458020602
58.5;0;5.62341325190349;7442;58.5;178;5.62341325190349;15950;0;1.02106015537776e-25;1;0.00378492724191912;0.00375730411663132;0.402855583653082;3.21917984942924e-05;1;0.000275410357784438;0.0126189681204342;1;0.0251684204791528
58.8333333333333;0;5.75439937337157;6708;58.8333333333333;172;5.75439937337157;15732;0;7.36076229524896e-26;1;0.00333396413548822;0.00329295498496117;0.402855583653082;3.11066816911133e-05;1;0.000273050465139478;0.0121631788719178;1;0.0244551960172446
59.1666666666667;0;5.88843655355589;6064;59.1666666666667;190;5.88843655355589;15232;0;5.30633002196702e-26;1;0.00294528321487227;0.00287713851670449;0.402855583653082;3.43620321006484e-05;1;0.00027072395564773;0.0115085361658581;1;0.0237621829600802
59.5;0;6.02559586074358;5052;59.5;180;6.02559586074358;14894;0;3.82530194192053e-26;1;0.0023979007947076;0.00250593727378293;0.402855583653082;3.25535040953519e-05;1;0.000268430172961796;0.0109970070962768;1;0.0230888085554566
59.8333333333333;0;6.16595001861482;4696;59.8333333333333;120;6.16595001861482;14932;0;2.757637554823e-26;1;0.00217819099356289;0.00217561608421713;0.402855583653082;2.17023360635674e-05;1;0.000266168477218211;0.0107741033468182;1;0.022434516281863
60.1666666666667;0;6.30957344480193;4156;60.1666666666667;160;6.30957344480193;14426;0;1.9879646101744e-26;1;0.00188383737349021;0.00188262758171248;0.402855583653082;2.89364480847566e-05;1;0.000263938244534557;0.0101720639921915;1;0.021798765388534
60.5;0;6.45654229034655;3578;60.5;140;6.45654229034655;14176;0;1.43311193466826e-26;1;0.00158492313921479;0.00162361613205995;0.402855583653082;2.53193920741625e-05;1;0.000261738866524595;0.00976825212116187;1;0.0211810304485374
60.8333333333333;0;6.60693448007596;3118;60.8333333333333;150;6.60693448007596;13784;0;1.03312192117365e-26;1;0.00134972092406267;0.00139542018302076;0.402855583653082;2.71279200794593e-05;1;0.000259569749830685;0.00928193280802268;1;0.0205808009245261
61.1666666666667;0;6.76082975391981;2664;61.1666666666667;124;6.76082975391981;13532;0;7.44771485178161e-27;1;0.0011269433631575;0.00119507309163576;0.402855583653082;2.24257472656864e-05;1;0.000257430315672776;0.00890481999489635;1;0.0199975807467961
61.5;0;6.91830970918937;2464;61.5;136;6.91830970918937;13390;0;5.36901360591018e-27;1;0.00101861149585314;0.00101980249901515;0.402855583653082;2.45959808720436e-05;1;0.000255319999413306;0.00861080457334763;1;0.0194308879033015
61.8333333333333;0;7.07945784384138;2110;61.8333333333333;152;7.07945784384138;12974;0;3.87049016700108e-27;1;0.000852413511485738;0.000867028337354463;0.402855583653082;2.74896256805188e-05;1;0.000253238250137356;0.00815336809125137;1;0.0188802540412874
62.1666666666667;0;7.2443596007499;1914;62.1666666666667;132;7.2443596007499;12468;0;2.79021347913142e-27;1;0.000755631063500969;0.000734359566945588;0.402855583653082;2.38725696699242e-05;1;0.000251184530247451;0.00765702296082599;1;0.0183452240802122
62.5;0;7.41310241300918;1566;62.5;132;7.41310241300918;12380;0;2.01144840142033e-27;1;0.000604170655006555;0.000619589752104757;0.402855583653082;2.38725696699247e-05;1;0.00024915831507242;0.00742991423221215;1;0.0178253558356384
62.8333333333333;0;7.58577575029184;1394;62.8333333333333;132;7.58577575029184;12030;0;1.45004126094174e-27;1;0.000525570092160299;0.000520691594055471;0.402855583653082;2.38725696699242e-05;1;0.000247159092489753;0.00705551603366807;1;0.017320219653782
63.1666666666667;0;7.76247116628692;1156;63.1666666666667;144;7.76247116628692;11516;0;1.04532617239828e-27;1;0.000425917714964087;0.000435810545764865;0.402855583653082;2.60428032762809e-05;1;0.000245186362560928;0.00660031726844013;1;0.0168293980564183
63.5;0;7.94328234724281;1000;63.5;130;7.94328234724281;11316;0;7.53569457734783e-28;1;0.000360054190421588;0.000363257638464569;0.402855583653082;2.35108640688652e-05;1;0.000243239637179186;0.00633805632823348;1;0.0163524853958495
63.8333333333333;0;8.12830516164099;886;63.8333333333333;106;8.12830516164099;11126;0;5.43243766993647e-28;1;0.0003117465038068;0.000301501652068673;0.402855583653082;1.91703968561512e-05;1;0.000241318439729274;0.00608978852339315;1;0.0158890875196508
64.1666666666667;0;8.31763771102671;746;64.1666666666667;124;8.31763771102671;10812;0;3.91621219979549e-28;1;0.00025651141548424;0.000249160761960644;0.402855583653082;2.24257472656868e-05;1;0.000239422304758692;0.005783213064398;1;0.0154388214449163
64.5;0;8.51138038202377;584;64.5;102;8.51138038202377;10582;0;2.82317422226544e-28;1;0.000196236919090867;0.000204993792733751;0.402855583653082;1.84469856540319e-05;1;0.000237550777659985;0.00553134711351193;1;0.0150013150417367
64.8333333333333;0;8.7096358995608;508;64.8333333333333;118;8.7096358995608;10310;0;2.0352096062824e-28;1;0.000166813648805355;0.000167891205559856;0.402855583653082;2.13406304625084e-05;1;0.000235703414363669;0.00526649675682458;1;0.014576206725646
65.1666666666667;0;8.91250938133746;416;65.1666666666667;120;8.91250938133746;10188;0;1.46717057305092e-28;1;0.00013349383215677;0.000136865940094543;0.402855583653082;2.17023360635679e-05;1;0.000233879781041373;0.00508571585637528;1;0.0141631451587839
65.5;0;9.12010839355909;340;65.5;116;9.12010839355909;10168;0;1.05767459222973e-28;1;0.000106621990691223;0.000111044224406504;0.402855583653082;2.09789248614481e-05;1;0.000232079453818811;0.0049601943502156;1;0.0137617889595275
65.8333333333333;0;9.33254300796991;270;65.8333333333333;136;9.33254300796991;9772;0;7.62471360587672e-29;1;8.27430706661328e-05;8.96564575797468e-05;0.402855583653082;2.45959808720436e-05;1;0.000230302018498208;0.00465850551636829;1;0.0133718064203498
66.1666666666667;0;9.54992586021436;252;66.1666666666667;98;9.54992586021436;9262;0;5.49661096132372e-29;1;7.5468967869047e-05;7.202825963789e-05;0.402855583653082;1.77235744519138e-05;1;0.000228547070289822;0.00431487215386602;1;0.0129928752336751
66.5;0;9.7723722095581;202;66.5;116;9.7723722095581;9450;0;3.96247434616575e-29;1;5.91179327563794e-05;5.75717725543543e-05;0.402855583653082;2.09789248614481e-05;1;0.000226814213552232;0.00430224327406643;1;0.0126246822255022
66.8333333333333;0;10;194;66.8333333333333;84;10;8884;0;2.85652433008288e-29;1;5.54842346396339e-05;4.5777284624107e-05;0.402855583653082;1.51916352444975e-05;1;0.000225103061541036;0.00395249842613128;1;0.012266923096577
67.1666666666667;0;10.2329299228075;156;67.1666666666667;90;10.2329299228075;8746;0;2.05925150184264e-29;1;4.36006002345956e-05;3.6205238663582e-05;0.402855583653082;1.62767520476759e-05;1;0.000223413236165678;0.00380252982229939;1;0.0119193021708987
67.5;0;10.471285480509;110;67.5;98;10.471285480509;8598;0;1.48450223342523e-29;1;3.00441938114e-05;2.8478672649804e-05;0.402855583653082;1.7723574451913e-05;1;0.000221744367754086;0.00365309188972056;1;0.0115815321513537
67.8333333333333;0;10.7151930523761;80;67.8333333333333;110;10.7151930523761;8208;0;1.07016888372915e-29;1;2.13529487026266e-05;2.22761297658689e-05;0.402855583653082;1.98938080582706e-05;1;0.000220096094824824;0.00340800719956108;1;0.0112533338822742
68.1666666666667;0;10.9647819614319;74;68.1666666666667;114;10.9647819614319;8288;0;7.71478421463525e-30;1;1.93018790306643e-05;1.73250636232811e-05;0.402855583653082;2.06172192603895e-05;1;0.000218468063866508;0.00336289183055121;1;0.0109344361187254
68.5;0;11.2201845430196;48;68.5;100;11.2201845430196;8082;0;5.56154233068275e-30;1;1.22351446204226e-05;1.33957538901784e-05;0.402855583653082;1.80852800529725e-05;1;0.000216859929124198;0.00320466031206389;1;0.0106245753023304
68.8333333333333;0;11.4815362149688;42;68.8333333333333;86;11.4815362149688;7800;0;4.00928298646368e-30;1;1.04620588859975e-05;1.0295737842696e-05;0.402855583653082;1.5553340845557e-05;1;0.00021527135239252;0.00302244048901954;1;0.0103234953434476
69.1666666666667;0;11.7489755493953;34;69.1666666666667;116;11.7489755493953;7616;0;2.89026840214168e-30;1;8.27650128432757e-06;7.86475461407441e-06;0.402855583653082;2.0978924861449e-05;1;0.000213702002815274;0.00288396570203288;1;0.0100309474095222
69.5;0;12.0226443461741;34;69.5;102;12.0226443461741;7318;0;2.08357740389574e-30;1;8.08810511433325e-06;5.97019124398283e-06;0.402855583653082;1.84469856540319e-05;1;0.000212151556691306;0.00270804303041026;1;0.00974668971943349
69.8333333333333;0;12.3026877081238;16;69.8333333333333;92;12.3026877081238;7246;0;1.50203863240109e-30;1;3.71952817163768e-06;4.50301309286706e-06;0.402855583653082;1.66384576487354e-05;1;0.000210619697286394;0.0026203631629414;1;0.00947048734367109
70.1666666666667;0;12.5892541179417;8;70.1666666666667;60;12.5892541179417;6998;0;1.08281077007589e-30;1;1.81743068685888e-06;3.37415580979496e-06;0.402855583653082;1.08511680317839e-05;1;0.000209106114650956;0.00247307389924135;1;0.00920211201017356
70.5;0;12.8824955169313;6;70.5;124;12.8824955169313;7008;0;7.805918825924e-31;1;1.33204568527944e-06;2.51135181979008e-06;0.402855583653082;2.24257472656859e-05;1;0.000207610505443372;0.00242023339389944;1;0.00894134191566925
70.8333333333333;0;13.1825673855641;2;70.8333333333333;106;13.1825673855641;6756;0;5.62724073317476e-31;1;4.33908207889521e-07;1.85636118935066e-06;0.402855583653082;1.91703968561516e-05;1;0.000206132572758702;0.00228009423592833;1;0.0086879615423628
71.1666666666667;0;13.4896288259165;4;71.1666666666667;106;13.4896288259165;6512;0;4.0566445764122e-31;1;8.48062502455775e-07;1.36257467108852e-06;0.402855583653082;1.91703968561516e-05;1;0.000204672025962634;0.00214771943762433;1;0.00844176147981769
71.5;0;13.8038426460289;2;71.5;76;13.8038426460289;6328;0;2.92441109233506e-31;1;4.14379121548357e-07;9.92955632472023e-07;0.402855583653082;1.37448128402591e-05;1;0.000203228580530473;0.00203952778540771;1;0.00820253825188455
71.8333333333333;0;14.1253754462275;2;71.8333333333333;74;14.1253754462275;6010;0;2.10819066740528e-31;1;4.04946701164025e-07;7.18287334981391e-07;0.402855583653082;1.33831072392002e-05;1;0.000201801957890975;0.00189294339682279;1;0.00797009414853585
72.1666666666667;0;14.4543977074593;4;72.1666666666667;102;14.4543977074593;6054;0;1.51978218855183e-31;1;7.9145797776151e-07;5.15692532437948e-07;0.402855583653082;1.84469856540327e-05;1;0.00020039188527489;0.00186339777428146;1;0.00774423706246418
72.5;0;14.7910838816821;4;72.5;84;14.7910838816821;5850;0;1.09560199480554e-31;1;7.73442194690965e-07;3.67393478575761e-07;0.402855583653082;1.51916352444969e-05;1;0.000198998095568033;0.00175962053608742;1;0.00752478033031287
72.8333333333333;0;15.1356124843621;4;72.8333333333333;80;15.1356124843621;5768;0;7.8981300087853e-32;1;7.55836500909762e-07;2.59682050357185e-07;0.402855583653082;1.44682240423786e-05;1;0.000197620327168725;0.00169546335476386;1;0.00731154257840429
73.1666666666667;0;15.4881661891248;0;73.1666666666667;92;15.4881661891248;5194;0;5.69371522974834e-32;1;0;1.82071684537242e-07;0.402855583653082;1.66384576487354e-05;1;0.000196258323849461;0.00149198721311287;1;0.00710434757284088
73.5;0;15.8489319246111;0;73.5;48;15.8489319246111;5318;0;4.10456564799657e-32;1;0;1.26605076765577e-07;0.402855583653082;8.68093442542679e-06;1;0.000194911834622671;0.00149283390035718;1;0.00690302407385354
73.8333333333333;0;16.2181009735893;2;73.8333333333333;84;16.2181009735893;5044;0;2.95895710953182e-32;1;3.52693832586675e-07;8.72940011883588e-08;0.402855583653082;1.51916352444975e-05;1;0.000193580613610405;0.00138368818844708;1;0.00670740569427777
74.1666666666667;0;16.5958690743756;0;74.1666666666667;80;16.5958690743756;4904;0;2.13309468696686e-32;1;0;5.96700822340406e-08;0.402855583653082;1.44682240423786e-05;1;0.000192264419917851;0.00131466050875151;1;0.00651733076204023
74.5;0;16.9824365246174;0;74.5;68;16.9824365246174;4950;0;1.53773534902189e-32;1;0;4.04278107042471e-08;0.402855583653082;1.22979904360213e-05;1;0.000190963017510515;0.00129678612382939;1;0.00633264218654208
74.8333333333333;0;17.3780082874938;0;74.8333333333333;48;17.3780082874938;4748;0;1.10854432204967e-32;1;0;2.71434792734673e-08;0.402855583653082;8.68093442542716e-06;1;0.000189676175094976;0.00121555290643105;1;0.00615318732882881
75.1666666666667;0;17.7827941003892;0;75.1666666666667;68;17.7827941003892;4728;0;7.99143048073979e-33;1;0;1.80559680020196e-08;0.402855583653082;1.22979904360218e-05;1;0.000188403666003077;0.00118287982245226;1;0.00597881787543946
75.5;0;18.1970085860998;0;75.5;80;18.1970085860998;4540;0;5.76097498839032e-33;1;0;1.18974019961028e-08;0.402855583653082;1.4468224042378e-05;1;0.000187145268079439;0.0011099898528971;1;0.00580938971583011
75.8333333333333;0;18.6208713666287;0;75.8333333333333;70;18.6208713666287;4382;0;4.15305281036324e-33;1;0;7.76360687351905e-09;0.402855583653082;1.26596960370813e-05;1;0.000185900763572196;0.00104697311343757;1;0.00564476282327163
76.1666666666667;0;19.0546071796325;0;76.1666666666667;64;19.0546071796325;4222;0;2.99391121822658e-33;1;0;5.01599021333567e-09;0.402855583653082;1.15745792339029e-05;1;0.000184669939026846;0.000985783137021987;1;0.00548480113912217
76.5;0;19.4984459975804;0;76.5;74;19.4984459975804;3976;0;2.15829289727711e-33;1;0;3.20797507115701e-09;0.402855583653082;1.33831072391996e-05;1;0.000183452585183102;0.000907213557033354;1;0.00532937246037917
76.8333333333333;0;19.9526231496888;0;76.8333333333333;50;19.9526231496888;4048;0;1.55590058986324e-33;1;0;2.03040895754295e-09;0.402855583653082;9.04264002648662e-06;1;0.000182248496874666;0.000902617313432839;1;0.00517834833041794
77.1666666666667;0;20.4173794466953;0;77.1666666666667;42;20.4173794466953;3850;0;1.12163953677955e-33;1;0;1.27147833004953e-09;0.402855583653082;7.59581762224876e-06;1;0.000181057472931806;0.000838926446298842;1;0.00503160393282674
77.5;0;20.8929613085404;0;77.5;58;20.8929613085404;3750;0;8.08583310954188e-34;1;0;7.87588801229513e-10;0.402855583653082;1.0489462430724e-05;1;0.00017987931608668;0.000798535859383877;1;0.00488901798824997
77.8333333333333;0;21.3796208950223;0;77.8333333333333;70;21.3796208950223;3568;0;5.82902928538731e-34;1;0;4.82441811601208e-10;0.402855583653082;1.26596960370813e-05;1;0.000178713832881276;0.000742485542335584;1;0.00475047265415493
78.1666666666667;0;21.8776162394955;0;78.1666666666667;54;21.8776162394955;3516;0;4.20211275073239e-34;1;0;2.92167783987158e-10;0.402855583653082;9.76605122860555e-06;1;0.000177560833577923;0.000715009845879908;1;0.00461585342743884
78.5;0;22.3872113856834;0;78.5;64;22.3872113856834;3600;0;3.02927823919759e-34;1;0;1.74882440799334e-10;0.402855583653082;1.15745792339024e-05;1;0.000176420132072269;0.000715427544106168;1;0.00448504904979587
78.8333333333333;0;22.9086765276777;0;78.8333333333333;68;22.9086765276777;3430;0;2.18378877360603e-34;1;0;1.03435210061165e-10;0.402855583653082;1.22979904360218e-05;1;0.000175291545808655;0.000666127366039391;1;0.00435795141576589
79.1666666666667;0;23.4422881531992;0;79.1666666666667;56;23.4422881531992;3140;0;1.57428041637747e-34;1;0;6.04335325453476e-11;0.402855583653082;1.0127756829665e-05;1;0.0001741748956978;0.000595926644842977;1;0.0042344554833888
79.5;0;23.9883291901949;0;79.5;72;23.9883291901949;3040;0;1.13488944505263e-34;1;0;3.48699399874339e-11;0.402855583653082;1.30214016381402e-05;1;0.000173070006036747;0.000563815147398645;1;0.00411445918739098
79.8333333333333;0;24.5470891568503;0;79.8333333333333;46;24.5470891568503;3292;0;8.18135091495048e-35;1;0;1.98637585926807e-11;0.402855583653082;8.31922882436769e-06;1;0.000171976704430971;0.000596654585026502;1;0.00399786335483166
80.1666666666667;0;25.1188643150958;0;80.1666666666667;50;25.1188643150958;2896;0;5.89788750660655e-35;1;0;1.11680947042202e-11;0.402855583653082;9.04264002648662e-06;1;0.0001708948217186;0.000512934266858214;1;0.0038845716231398
80.5;0;25.7039578276886;0;80.5;44;25.7039578276886;2844;0;4.25175223532128e-35;1;0;6.1954318141717e-12;0.402855583653082;7.95752322330789e-06;1;0.000169824191896678;0.000492257960312877;1;0.00377449036047366
80.8333333333333;0;26.3026799189538;0;80.8333333333333;52;26.3026799189538;2786;0;3.06506305017014e-35;1;0;3.39002751779271e-12;0.402855583653082;9.40434562754609e-06;1;0.000168764652049405;0.000471242300965847;1;0.00366752858833718
81.1666666666667;0;26.9153480392692;0;81.1666666666667;76;26.9153480392692;2720;0;2.20958583227681e-35;1;0;1.829090389255e-12;0.402855583653082;1.37448128402597e-05;1;0.000167716042278296;0.000449605960205352;1;0.00356359790638928
81.5;0;27.5422870333817;0;81.5;42;27.5422870333817;2524;0;1.59287736346173e-35;1;0;9.72803969894742e-13;0.402855583653082;7.59581762224844e-06;1;0.000166678205634202;0.000407711072789869;1;0.00346261241938398
81.8333333333333;0;28.1838293126445;0;81.8333333333333;44;28.1838293126445;2584;0;1.14829587426088e-35;1;0;5.09833458399484e-13;0.402855583653082;7.95752322330823e-06;1;0.000165650988051123;0.000407901840695802;1;0.00336448866618075
82.1666666666667;0;28.8403150312661;0;82.1666666666667;42;28.8403150312661;2438;0;8.27799707052669e-36;1;0;2.63205759456384e-13;0.402855583653082;7.59581762224876e-06;1;0.000164634238281784;0.000376094391511186;1;0.00326914555076671
82.5;0;29.5120922666638;0;82.5;46;29.5120922666638;2326;0;5.96755914879182e-36;1;0;1.33805590174503e-13;0.402855583653082;8.31922882436734e-06;1;0.000163627807834889;0.000350649211130258;1;0.00317650427523351
82.8333333333333;0;30.1995172040202;0;82.8333333333333;58;30.1995172040202;2304;0;4.30197811027538e-36;1;0;6.69590300932634e-14;0.402855583653082;1.04894624307245e-05;1;0.000162631550914027;0.000339426409826987;1;0.00308648827465337
83.1666666666667;0;30.9029543251359;0;83.1666666666667;52;30.9029543251359;2124;0;3.10127058648983e-36;1;0;3.29716484475864e-14;0.402855583653082;9.40434562754609e-06;1;0.000161645324358174;0.000305786049469426;1;0.00299902315380088
83.5;0;31.6227766016838;0;83.5;36;31.6227766016838;2128;0;2.23568763115172e-36;1;0;1.59700268820823e-14;0.402855583653082;6.51070081907009e-06;1;0.000160668987583732;0.000299388269094848;1;0.00291403662566768
83.8333333333333;0;32.3593656929628;0;83.8333333333333;44;32.3593656929628;1980;0;1.61169399595732e-36;1;0;7.60566485421881e-15;0.402855583653082;7.95752322330823e-06;1;0.000159702402528072;0.000272225212853628;1;0.00283145845171974
84.1666666666667;0;33.1131121482591;0;84.1666666666667;40;33.1131121482591;2030;0;1.1618606733833e-36;1;0;3.560118498285e-15;0.402855583653082;7.2341120211893e-06;1;0.000158745433594538;0.000272746504687305;1;0.00275122038384751
84.5;0;33.8844156139203;0;84.5;70;33.8844156139203;1900;0;8.37578490545275e-37;1;0;1.63724117727882e-15;0.402855583653082;1.26596960370807e-05;1;0.000157797947598852;0.000249469097982984;1;0.00267325610796115
84.8333333333333;0;34.6736850452532;0;84.8333333333333;36;34.6736850452532;1862;0;6.03805382087041e-37;1;0;7.39439984896404e-16;0.402855583653082;6.51070081907037e-06;1;0.000156859813716897;0.000238914678266702;1;0.00259750118918417
85.1666666666667;0;35.4813389233575;0;85.1666666666667;40;35.4813389233575;1678;0;4.35279730261326e-37;1;0;3.27832673934577e-16;0.402855583653082;7.2341120211893e-06;1;0.000155930903433829;0.000210404542772377;1;0.00252389301860008
85.5;0;36.3078054770101;0;85.5;44;36.3078054770101;1680;0;3.13790584180453e-37;1;0;1.42617649704678e-16;0.402855583653082;7.95752322330789e-06;1;0.000155011090494478;0.000205860222348621;1;0.00245237076150827
85.8333333333333;0;37.1535229097173;0;85.8333333333333;48;37.1535229097173;1618;0;2.26209777012117e-37;1;0;6.08519342877445e-17;0.402855583653082;8.68093442542716e-06;1;0.000154100250855002;0.000193749982998811;1;0.00238287530714613
86.1666666666667;0;38.0189396320561;0;86.1666666666667;46;38.0189396320561;1630;0;1.63073290900405e-37;1;0;2.54541997666083e-17;0.402855583653082;8.31922882436769e-06;1;0.000153198262635765;0.000190743944846691;1;0.00231534921983599
86.5;0;38.9045144994281;0;86.5;48;38.9045144994281;1496;0;1.17558571324112e-37;1;0;1.04334457724338e-17;0.402855583653082;8.68093442542679e-06;1;0.000152305006075387;0.000171078230388902;1;0.00224973669151643
86.8333333333333;0;39.8107170553497;0;86.8333333333333;42;39.8107170553497;1504;0;8.47472790636631e-38;1;0;4.18864895442859e-18;0.402855583653082;7.59581762224876e-06;1;0.000151420363485947;0.000168078046594009;1;0.00218598349561879
87.1666666666667;0;40.7380277804113;0;87.1666666666667;64;40.7380277804113;1386;0;6.10938124527929e-38;1;0;1.64622009706559e-18;0.402855583653082;1.15745792339029e-05;1;0.000150544219209302;0.000151365320941424;1;0.00212403694225068
87.5;0;41.6869383470335;0;87.5;62;41.6869383470335;1340;0;4.40421682118383e-38;1;0;6.33074063530241e-19;0.402855583653082;1.12128736328429e-05;1;0.00014967645957449;0.000143010509585197;1;0.00206384583464961
87.8333333333333;0;42.6579518801593;0;87.8333333333333;40;42.6579518801593;1396;0;3.17497386875086e-38;1;0;2.38096918079929e-19;0.402855583653082;7.2341120211893e-06;1;0.000148816972856177;0.00014559570848097;1;0.00200536042687049
88.1666666666667;0;43.6515832240166;0;88.1666666666667;46;43.6515832240166;1220;0;2.28881989160115e-38;1;0;8.75307148758504e-20;0.402855583653082;8.31922882436769e-06;1;0.000147965649234135;0.00012434347102981;1;0.00194853238267236
88.5;0;44.6683592150963;0;88.5;32;44.6683592150963;1278;0;1.64999672839847e-38;1;0;3.14372246507518e-20;0.402855583653082;5.78728961695119e-06;1;0.000147122380753713;0.000127289918850431;1;0.00189331473556998
88.8333333333333;0;45.7088189614875;0;88.8333333333333;26;45.7088189614875;1146;0;1.18947288675527e-38;1;0;1.10247601239757e-20;0.402855583653082;4.70217281377304e-06;1;0.000146287061287265;0.000111544400430223;1;0.0018396618500177
89.1666666666667;0;46.7735141287198;0;89.1666666666667;24;46.7735141287198;1110;0;8.57483971922194e-39;1;0;3.77306285049331e-21;0.402855583653082;4.34046721271358e-06;1;0.000145459586496527;0.00010558108837476;1;0.00178752938369314
89.5;0;47.8630092322638;0;89.5;58;47.8630092322638;1056;0;6.1815512593086e-39;1;0;1.2594239956002e-21;0.402855583653082;1.0489462430724e-05;1;0.000144639853795901;9.81583103374912e-05;1;0.00173687425084976
89.8333333333333;0;48.9778819368446;0;89.8333333333333;24;48.9778819368446;912;0;4.45624375762984e-39;1;0;4.09779532395487e-22;0.402855583653082;4.34046721271358e-06;1;0.000143827762316621;8.28434151704833e-05;1;0.00168765458670792
90.1666666666667;0;50.1187233627272;0;90.1666666666667;40;50.1187233627272;1030;0;3.21247977965232e-39;1;0;1.29888407741193e-22;0.402855583653082;7.2341120211893e-06;1;0.000143023212871791;9.14324549124587e-05;1;0.00163982971285505
90.5;0;51.2861383991365;0;90.5;38;51.2861383991365;934;0;2.31585768103602e-39;1;0;4.00836987147916e-23;0.402855583653082;6.87240642012954e-06;1;0.000142226107922257;8.10233194818707e-05;1;0.00159336010362626
90.8333333333333;0;52.4807460249773;0;90.8333333333333;38;52.4807460249773;862;0;1.66948811095523e-39;1;0;1.20357102195911e-23;0.402855583653082;6.87240642012983e-06;1;0.000141436351543287;7.3075268813033e-05;1;0.00154820735343774
91.1666666666667;0;53.7031796370253;0;91.1666666666667;32;53.7031796370253;814;0;1.20352410920764e-39;1;0;3.51402753051804e-24;0.402855583653082;5.78728961695144e-06;1;0.000140653849392056;6.74353414257258e-05;1;0.0015043341450458
91.5;0;54.9540873857624;0;91.5;32;54.9540873857624;724;0;8.67613415117665e-40;1;0;9.96975790137996e-25;0.402855583653082;5.78728961695119e-06;1;0.000139878508675894;5.86140488574137e-05;1;0.00146170421870541
91.8333333333333;0;56.2341325190349;0;91.8333333333333;22;56.2341325190349;734;0;6.25457381645403e-40;1;0;2.74675542124569e-25;0.402855583653082;3.97876161165411e-06;1;0.000139110238121287;5.80709880902763e-05;1;0.00142028234220273
92.1666666666667;0;57.5439937337156;0;92.1666666666667;30;57.5439937337156;752;0;4.50888528736772e-40;1;0;7.34369186662999e-26;0.402855583653082;5.42558401589197e-06;1;0.000138348947943605;5.81407990826481e-05;1;0.00138003428173687
92.5;0;58.8843655355588;0;92.5;28;58.8843655355588;676;0;3.25042874722497e-40;1;0;1.90398804574694e-26;0.402855583653082;5.06387841483229e-06;1;0.000137594549817543;5.10751736352377e-05;1;0.00134092677362678
92.8333333333333;0;60.2559586074358;0;92.8333333333333;32;60.2559586074358;576;0;2.34321486740566e-40;1;0;4.78363975569611e-27;0.402855583653082;5.78728961695144e-06;1;0.000136846956848254;4.25290458403111e-05;1;0.00130292749681994
93.1666666666667;0;61.6595001861482;0;93.1666666666667;28;61.6595001861482;578;0;1.68920974487378e-40;1;0;1.1638020443612e-27;0.402855583653082;5.06387841483251e-06;1;0.000136106083543147;4.17052754785721e-05;1;0.00126600504618008
93.5;0;63.0957344480194;0;93.5;48;63.0957344480194;548;0;1.21774131850576e-40;1;0;2.7396852904165e-28;0.402855583653082;8.68093442542679e-06;1;0.00013537184578435;3.86405869105846e-05;1;0.00123012890653188
93.8333333333333;0;64.5654229034656;0;93.8333333333333;30;64.5654229034656;542;0;8.77862517248811e-41;1;0;6.23576994812962e-29;0.402855583653082;5.42558401589197e-06;1;0.000134644160801798;3.73475779463175e-05;1;0.00119526942744118
94.1666666666667;0;66.0693448007596;0;94.1666666666667;26;66.0693448007596;440;0;6.32845898779208e-41;1;0;1.37121801142213e-29;0.402855583653082;4.70217281377304e-06;1;0.000133922947146952;2.96289207452831e-05;1;0.00116139779870993
94.5;0;67.6082975391982;0;94.5;16;67.6082975391982;494;0;4.56214867057807e-41;1;0;2.91072506693332e-30;0.402855583653082;2.8936448084756e-06;1;0.000133208124667115;3.25079890443317e-05;1;0.00112848602656545
94.8333333333333;0;69.1830970918937;0;94.8333333333333;30;69.1830970918937;466;0;3.28882600528928e-41;1;0;5.95960156737466e-31;0.402855583653082;5.42558401589197e-06;1;0.000132499614480335;2.99674005315907e-05;1;0.00109650691052459
95.1666666666667;0;70.7945784384138;0;95.1666666666667;24;70.7945784384138;456;0;2.37089522374017e-41;1;0;1.17595154197834e-31;0.402855583653082;4.34046721271358e-06;1;0.000131797338950883;2.86568201758179e-05;1;0.00106543402091337
95.5;0;72.443596007499;0;95.5;22;72.443596007499;396;0;1.70916435010981e-41;1;0;2.2343133356259e-32;0.402855583653082;3.97876161165394e-06;1;0.000131101221665291;2.43197071903039e-05;1;0.00103524167702378
95.8333333333333;0;74.1310241300917;0;95.8333333333333;22;74.1310241300917;356;0;1.23212647544917e-41;1;0;4.08412256677365e-33;0.402855583653082;3.97876161165411e-06;1;0.000130411187408921;2.13655045772821e-05;1;0.00100590492588948
96.1666666666667;0;75.8577575029184;0;96.1666666666667;24;75.8577575029184;312;0;8.8823269184449e-42;1;0;7.17566528863764e-34;0.402855583653082;4.34046721271358e-06;1;0.000129727162143077;1.82985951995383e-05;1;0.000977399521663081
96.5;0;77.6247116628691;0;96.5;20;77.6247116628691;328;0;6.40321696337025e-42;1;0;1.21069251713314e-34;0.402855583653082;3.6170560105945e-06;1;0.000129049072982624;1.87990974648173e-05;1;0.000949701905577685
96.8333333333333;0;79.4328234724281;0;96.8333333333333;34;79.4328234724281;322;0;4.61604125320474e-42;1;0;1.95976528214897e-35;0.402855583653082;6.1489952180109e-06;1;0.000128376848174105;1.80351196331845e-05;1;0.000922789186476387
97.1666666666667;0;81.2830516164099;0;97.1666666666667;10;81.2830516164099;258;0;3.3276768494927e-42;1;0;3.04055923709523e-36;0.402855583653082;1.80852800529732e-06;1;0.000127710417074357;1.41215660528082e-05;1;0.000896639121893493
97.5;0;83.1763771102671;0;97.5;20;83.1763771102671;270;0;2.39890256764121e-42;1;0;4.51703036735146e-37;0.402855583653082;3.6170560105945e-06;1;0.000127049710129591;1.44419860098735e-05;1;0.000871230099671856
97.8333333333333;0;85.1138038202376;0;97.8333333333333;24;85.1138038202376;270;0;1.72935467874923e-42;1;0;6.4189444023938e-38;0.402855583653082;4.34046721271358e-06;1;0.000126394658854945;1.41132462733704e-05;1;0.000846541120101155
98.1666666666667;0;87.0963589956081;0;98.1666666666667;24;87.0963589956081;264;0;1.24668156400039e-42;1;0;8.71637654128239e-39;0.402855583653082;4.34046721271358e-06;1;0.000125745195814487;1.34855009098142e-05;1;0.000822551778562325
98.5;0;89.1250938133745;0;98.5;26;89.1250938133745;228;0;8.98725369131762e-43;1;0;1.12982285330574e-39;0.402855583653082;4.70217281377284e-06;1;0.000125101254601653;1.13814606915335e-05;1;0.000799242248663831
98.8333333333333;0;91.201083935591;0;98.8333333333333;12;91.201083935591;186;0;6.47885805360924e-43;1;0;1.39642063574678e-40;0.402855583653082;2.17023360635679e-06;1;0.000124462769820122;9.07352625039537e-06;1;0.000776593265855803
99.1666666666667;0;93.325430079699;0;99.1666666666667;28;93.325430079699;186;0;4.67057046796903e-43;1;0;1.6438881370706e-41;0.402855583653082;5.06387841483251e-06;1;0.000123829677065105;8.8669875772046e-06;1;0.000754586111508543
99.5;0;95.4992586021437;0;99.5;12;95.4992586021437;144;0;3.36698663804095e-43;1;0;1.84113536834561e-42;0.402855583653082;2.1702336063567e-06;1;0.000123201912905041;6.70850345666925e-06;1;0.000733202597442181
99.8333333333333;0;97.7237220955811;0;99.8333333333333;12;97.7237220955811;136;0;2.42724076180701e-43;1;0;1.9595327072642e-43;0.402855583653082;2.17023360635679e-06;1;0.000122579414863697;6.19158820394749e-06;1;0.000712425050894772
